Workbook

Sheet 全員名冊
A1: 陽明醫院附設護理之家 員工名冊
A2: 製表日期： | C2: 46245 | J2: 隱藏 | K2: 隱藏 | L2: 隱藏
A3: 序號 | B3: 正職 兼任 | C3: 職務 | D3: 姓名 | E3: 身份證字號 | F3: 性別 | G3: 生日 | H3: 到職日期 | I3: 離職日期 | J3: 聯絡電話 | K3: 學歷 | L3: 地址
A4: 1 | B4: 正職 | C4: 護理人員/負責人 | D4: 林玟亭 | E4: A225551323 | F4: 女 | G4: 700613 | H4: 115/07/06 | J4: 0988-923884
A5: 2 | B5: 正職 | C5: 護理人員 | D5: 李欣蕙 | E5: H222344305 | F5: 女 | G5: 065/04/24 | H5: 31182 | J5: 0981-852113
A6: 3 | B6: 正職 | C6: 護理人員 | D6: 黃珮鈞 | E6: E222806423 | F6: 女 | G6: 071/04/20 | H6: 109/07/01 | J6: 0983-960573
A7: 4 | B7: 正職 | C7: 護理人員 | D7: 邱秋蓉 | E7: J220827446 | F7: 女 | G7: 052/05/10 | H7: 115/04/20 | J7: 0966-598511
A8: 5 | B8: 正職 | C8: 護理人員 | D8: 沈心榆 | E8: H225293396 | F8: 女 | G8: 090/02/06 | H8: 115/05/18 | J8: 0988-029687
A9: 6 | B9: 正職 | C9: 護理人員 | D9: 郭宥彤 | E9: H223067576 | F9: 女 | G9: 070/09/18 | H9: 112/11/29 | J9: 0932-138400
A10: 7 | B10: 正職 | C10: 營養師 | D10: 楊明珠 | E10: F222405490 | F10: 女 | G10: 049/12/24 | H10: 114/08/02 | J10: 0970-893332
A11: 8 | B11: 正職 | C11: 本國籍照顧服務員 | D11: 謝雪梅 | E11: T202240047 | F11: 女 | G11: 044/08/11 | H11: 111/09/01 | J11: 0939-651518
A12: 9 | B12: 正職 | C12: 本國籍照顧服務員 | D12: 廖銀隊 | E12: P221224274 | F12: 女 | G12: 050/08/20 | H12: 088/09/01 | J12: 0928-107075
A13: 10 | B13: 正職 | C13: 本國籍照顧服務員 | D13: 曾月鳳 | E13: J200511456 | F13: 男 | G13: 041/09/24 | H13: 112/02/16 | J13: 0987-050503
A14: 11 | B14: 正職 | C14: 本國籍照顧服務員 | D14: 王櫻桃 | E14: P220651884 | F14: 女 | G14: 053/03/10 | H14: 112/11/22 | J14: 0970-110523
A15: 12 | B15: 正職 | C15: 本國籍照顧服務員 | D15: 胡秀茵 | E15: U221198103 | F15: 女 | G15: 057/08/28 | H15: 109/06/12 | J15: 0939-956686
A16: 13 | B16: 正職 | C16: 本國籍照顧服務員 | D16: 呂宜珮 | E16: N222862731 | F16: 男 | G16: 065/03/19 | H16: 113/11/14 | J16: 0965-307176
A17: 14 | B17: 正職 | C17: 外籍照顧服務員 | D17: 泰氏青 | E17: A900096405 | F17: 女 | G17: 072/07/20 | H17: 112/09/20 | J17: 0981-614985
... A21: 18 | B21: 正職 | C21: 外籍照顧服務員 | D21: 武氏紅 | E21: H901124085 | F21: 女 | G21: 079/09/26 | H21: 115/05/07 | J21: 0909-685258
A22: 19 | B22: 正職 | C22: 外籍照顧服務員 | D22: 阮氏花 | E22: H900639069 | F22: 女 | G22: 080/03/28 | H22: 115/02/06
A23: 20 | B23: 正職 | C23: 外籍照顧服務員 | D23: 阮氏瓊 | E23: F900438471 | F23: 女 | G23: 081/10/03 | H23: 115/06/09
A24: 21 | B24: 正職 | C24: 外籍照顧服務員 | D24: 阮氏雲 | E24: P04260728 | F24: 女 | G24: 079/02/06 | H24: 115/07/16
A25: 22 | B25: 正職 | C25: 廚工 | D25: 陳美紅 | E25: K201187544 | F25: 女 | G25: 044/06/06 | H25: 33832 | J25: 0963-043955
A26: 23 | B26: 正職 | C26: 總務(防火管理人) | D26: 廖運谷 | E26: H120465951 | F26: 男 | G26: 055/08/16 | H26: 111/05/20 | J26: 0914-021291
A27: 24 | B27: 兼任 | C27: 復健治療師 | D27: 葉聖慈 | E27: H222486568 | F27: 女 | G27: 070/05/09 | H27: 112/06/20 | I27: 支援報備 | J27: 0919-284424
A28: 25 | B28: 兼任 | C28: 醫師 | D28: 朱國大 | E28: F127632548 | F28: 男 | G28: 078/12/16 | H28: 112/12/01 | I28: 支援報備 | J28: (02)24511225
A29: 26 | B29: 兼任 | C29: 藥師 | D29: 林文鴒 | E29: H220174250 | F29: 男 | G29: 067/08/13 | H29: 113/10/01 | I29: 支援報備
A30: 27 | B30: 兼任 | C30: 社工 | D30: 翁嬿婷 | E30: D222656182 | F30: 女 | G30: 083/04/06 | H30: 112/12/24 | I30: 支援報備 | J30: 0911-198348
A31: 28 | B31: 兼任 | C31: 陽明居家護理 | D31: 邱燕鈴 | E31: F221904001 | F31: 女 | G31: 050/09/09 | H31: 113/08/26 | I31: 合約 | J31: (02)25526289
A32: 29
A33: 30

Sheet 護理人員名冊
A1: 鵬程護理之家 護理人員名冊
A2: 製表日期： | C2: =TODAY() -> 46246
A3: 序號 | B3: 正職 兼任 | C3: 職務 | D3: 姓名 | E3: 身份證字號 | F3: 性別 | G3: 生日 | H3: 到職日期 | I3: 離職日期
A4: 1 | B4: 正職 | C4: 護理人員 | D4: 何珮玉 | E4: T220315994 | F4: 女 | G4: 058/03/16 | H4: 113/07/20
A5: 2 | B5: 正職 | C5: 護理人員 | D5: 傅韋婷 | E5: S223237932 | F5: 女 | G5: 073/12/19 | H5: 111/04/01
A6: 3 | B6: 正職 | C6: 護理人員 | D6: 黃蕾 | E6: A226387596 | F6: 女 | G6: 084/07/24 | H6: 113/05/15
A7: 4 | B7: 正職 | C7: 護理人員 | D7: 呂淑貞 | E7: F223620302 | F7: 女 | G7: 051/04/20 | H7: 113/07/01
A8: 5 | B8: 正職 | C8: 護理人員 | D8: 劉芷均 | E8: S224383791 | F8: 女 | G8: 081/09/18 | H8: 111/08/22
A9: 離職 | B9: 正職 | C9: 護理人員 | D9: 鍾嘉孟 | E9: A221304515 | F9: 女 | G9: 054/01/10 | H9: 109/09/01 | I9: 112/12/08
A10: 離職 | B10: 正職 | C10: 護理人員 | D10: 陳韻琇 | E10: A230197242 | F10: 女 | G10: 090/01/03 | H10: 112/09/07 | I10: 113/07/01
A11: 離職 | B11: 正職 | C11: 護理人員 | D11: 尹嫚言 | E11: F225672064 | F11: 女 | G11: 072/05/22 | H11: 112/10/03 | I11: 113/07/31
A12: 離職 | B12: 正職 | C12: 護理人員 | D12: 王若君 | E12: J221318008 | F12: 女 | G12: 058/03/16 | H12: 109/08/06 | I12: 113/07/31

Sheet 照服員名冊
A1: 鵬程護理之家 照服員名冊
A2: 製表日期： | C2: =TODAY() -> 46246
A3: 序號 | B3: 正職 兼任 | C3: 職務 | D3: 姓名 | E3: 身份證字號 | F3: 性別 | G3: 生日 | H3: 到職日期 | I3: 離職日期
A4: 1 | B4: 正職 | C4: 本國籍照顧服務員 | D4: 高氏海 | E4: F260152112 | F4: 女 | G4: 057/08/28 | H4: 109/06/12
A5: 2 | B5: 正職 | C5: 本國籍照顧服務員 | D5: 吳祥煌 | E5: N122027025 | F5: 男 | G5: 054/06/27 | H5: 109/09/25
A6: 3 | B6: 正職 | C6: 本國籍照顧服務員 | D6: 何靜惠 | E6: F227137424 | F6: 女 | G6: 077/12/27 | H6: 111/08/02
A7: 4 | B7: 正職 | C7: 本國籍照顧服務員 | D7: 周蘇曼 | E7: A220089500 | F7: 女 | G7: 049/07/22 | H7: 111/09/01
A8: 5 | B8: 正職 | C8: 本國籍照顧服務員 | D8: 甘佳如 | E8: B221200700 | F8: 女 | G8: 063/04/08 | H8: 111/09/01
A9: 6 | B9: 正職 | C9: 本國籍照顧服務員 | D9: 林士賢 | E9: A133238793 | F9: 男 | G9: 049/11/17 | H9: 112/02/16
A10: 7 | B10: 正職 | C10: 本國籍照顧服務員 | D10: 黃顯順 | E10: A229356226 | F10: 女 | G10: 085/11/05
A11: 8 | B11: 正職 | C11: 外籍照顧服務員 | D11: 蓮妮 | E11: AD30583571 | F11: 女 | G11: 082/10/30 | H11: 111/04/18
A12: 9 | B12: 正職 | C12: 外籍照顧服務員 | D12: 陳氏瓊 | E12: AD30423767 | F12: 女 | G12: 072/07/20 | H12: 112/09/20
A13: 10 | B13: 正職 | C13: 外籍照顧服務員 | D13: 丁金英 | E13: AD30696975 | F13: 女 | G13: 076/09/18 | H13: 112/08/23
A14: 11 | B14: 正職 | C14: 外籍照顧服務員 | D14: 賓蒂 | E14: F900226542 | F14: 女 | G14: 073/07/07 | H14: 112/05/09
A15: 12 | B15: 正職 | C15: 外籍照顧服務員 | D15: 維特 | E15: A900778484 | F15: 女 | G15: 074/10/30 | H15: 112/11/21
A16: 13 | B16: 正職 | C16: 外籍照顧服務員 | D16: 馬利娜 | E16: F900776387 | F16: 女 | G16: 068/12/14 | H16: 113/06/21
A17: 14 | B17: 正職 | C17: 外籍照顧服務員 | D17: 蒂卡 | E17: S900066733 | F17: 女 | G17: 081/10/18 | H17: 113/05/27
A18: 離職 | B18: 正職 | C18: 外籍照顧服務員 | D18: 范氏蓉 | E18: ND01525299 | F18: 女 | G18: 069/07/21 | H18: 111/09/07 | I18: 112/10/26
A19: 離職 | B19: 正職 | C19: 外籍照顧服務員 | D19: 阮氏紅 | E19: A900126766 | F19: 女 | G19: 066/08/14 | H19: 110/08/27 | I19: 113/04/02
A20: 離職 | B20: 正職 | C20: 外籍照顧服務員 | D20: 布吉 | E20: A900093217 | F20: 女 | G20: 069/01/01 | H20: 110/08/27 | I20: 113/05/31
A21: 離職 | B21: 正職 | C21: 外籍照顧服務員 | D21: 妮妮 | E21: A900166635 | F21: 女 | G21: 081/02/22 | H21: 110/08/27 | I21: 113/05/27
A22: 離職 | B22: 正職 | C22: 本國籍照顧服務員 | D22: 顏萬菊 | E22: C200121885 | F22: 女 | G22: 035/11/18 | H22: 105/10/25 | I22: 112/07/31
A23: 離職 | B23: 正職 | C23: 本國籍照顧服務員 | D23: 陳惟君 | E23: A230009380 | F23: 女 | G23: 069/09/02 | H23: 108/07/14 | I23: 112/07/31
A24: 離職 | B24: 正職 | C24: 外籍照顧服務員 | D24: 妮奇塔 | E24: R900228241 | F24: 女 | G24: 086/12/13 | H24: 113/05/01 | I24: 113/07/12

Sheet 其他
A1: 鵬程護理之家 員工名冊
A2: 製表日期： | C2: =TODAY() -> 46246
A3: 序號 | B3: 正職 兼任 | C3: 職務 | D3: 姓名 | E3: 身份證字號 | F3: 性別 | G3: 生日 | H3: 到職日期 | I3: 離職日期
A4: 1 | B4: 正職 | C4: 營養師 | D4: 陳皇琦 | E4: F124486259 | F4: 男 | G4: 067/11/29 | H4: 104/06/23
A5: 2 | B5: 正職 | C5: 廚工 | D5: 楊岳儒 | E5: F127632548 | F5: 男 | G5: 078/12/16 | H5: 112/12/01
A6: 3 | B6: 兼任 | C6: 物理治療師 | D6: 林怡伶 | E6: C221028049 | F6: 女 | G6: 070/05/09 | H6: 112/12/24 | I6: 支援報備
A7: 4 | B7: 兼任 | C7: 物理治療師 | D7: 鍾艾蓁 | E7: G221088530 | F7: 女 | G7: 073/03/30 | H7: 112/12/24 | I7: 支援報備
A8: 5 | B8: 兼任 | C8: 藥師 | D8: 余若青 | E8: H222012951 | F8: 女 | G8: 067/02/01 | H8: 111/10/20 | I8: 支援報備
A9: 6 | B9: 兼任 | C9: 社會工作人員 | D9: 李宜芳 | E9: Y220289643 | F9: 女 | G9: 063/03/30 | H9: 113/03/01
A10: 離職 | B10: 正職 | C10: 廚工 | D10: 施佩妤 | E10: A226853059 | F10: 女 | G10: 081/09/06 | H10: 112/05/16 | I10: 112/12/01
A11: 離職 | B11: 正職 | C11: 行政人員 | D11: 彭玉蘭 | E11: A220120373 | F11: 女 | G11: 055/06/02 | H11: 109/04/21 | I11: 113/07/01
A12: 離職 | B12: 兼任 | C12: 社會工作人員 | D12: 朱素梅 | E12: D220670942 | F12: 女 | G12: 057/01/08 | H12: 110/10/09 | I12: 113/02/01
A13: 離職 | B13: 兼任 | C13: 職能治療師 | D13: 許甄尹 | E13: V221232585 | F13: 女 | G13: 077/06/10 | H13: 111/08/10 | I13: 112/11/30

Sheet 3F員工
A1: 陽明醫院附設護理之家員工名冊
A2: 製表日期：2026/08/11
A3: 序號 | B3: 正職 兼任 | C3: 職務 | D3: 姓名 | E3: 身份證字號 | F3: 性別 | G3: 生日
A4: 1 | B4: 正職 | C4: =全員名冊!C4 -> 護理人員/負責人 | D4: 林玟亭 | E4: A225551323 | F4: =全員名冊!F4 -> 女 | G4: 070/06/13
A5: 2 | B5: 正職 | C5: =全員名冊!C5 -> 護理人員 | D5: =全員名冊!D5 -> 李欣蕙 | E5: =全員名冊!E5 -> H222344305 | F5: =全員名冊!F5 -> 女 | G5: =全員名冊!G5 -> 065/04/24
A6: 3 | B6: 正職 | C6: =全員名冊!C6 -> 護理人員 | D6: =全員名冊!D6 -> 黃珮鈞 | E6: =全員名冊!E6 -> E222806423 | F6: =全員名冊!F6 -> 女 | G6: =全員名冊!G6 -> 071/04/20
A7: 4 | B7: 正職 | C7: =全員名冊!C7 -> 護理人員 | D7: =全員名冊!D7 -> 邱秋蓉 | E7: =全員名冊!E7 -> J220827446 | F7: =全員名冊!F7 -> 女 | G7: =全員名冊!G7 -> 052/05/10
A8: 5 | B8: 正職 | C8: =全員名冊!C8 -> 護理人員 | D8: =全員名冊!D8 -> 沈心榆 | E8: =全員名冊!E8 -> H225293396 | F8: =全員名冊!F8 -> 女 | G8: =全員名冊!G8 -> 090/02/06
A9: 6 | B9: 正職 | C9: =全員名冊!C9 -> 護理人員 | D9: =全員名冊!D9 -> 郭宥彤 | E9: =全員名冊!E9 -> H223067576 | F9: =全員名冊!F9 -> 女 | G9: =全員名冊!G9 -> 070/09/18
A10: 7 | B10: 正職 | C10: =全員名冊!C10 -> 營養師 | D10: =全員名冊!D10 -> 楊明珠 | E10: =全員名冊!E10 -> F222405490 | F10: =全員名冊!F10 -> 女 | G10: =全員名冊!G10 -> 049/12/24
A11: 8 | B11: 正職 | C11: =全員名冊!C11 -> 本國籍照顧服務員 | D11: =全員名冊!D11 -> 謝雪梅 | E11: =全員名冊!E11 -> T202240047 | F11: =全員名冊!F11 -> 女 | G11: =全員名冊!G11 -> 044/08/11
A12: 9 | B12: 正職 | C12: =全員名冊!C12 -> 本國籍照顧服務員 | D12: =全員名冊!D12 -> 廖銀隊 | E12: =全員名冊!E12 -> P221224274 | F12: =全員名冊!F12 -> 女 | G12: =全員名冊!G12 -> 050/08/20
A13: 10 | B13: 正職 | C13: =全員名冊!C13 -> 本國籍照顧服務員 | D13: =全員名冊!D13 -> 曾月鳳 | E13: =全員名冊!E13 -> J200511456 | F13: =全員名冊!F13 -> 男 | G13: =全員名冊!G13 -> 041/09/24
A14: 11 | B14: 正職 | C14: =全員名冊!C14 -> 本國籍照顧服務員 | D14: =全員名冊!D14 -> 王櫻桃 | E14: =全員名冊!E14 -> P220651884 | F14: =全員名冊!F14 -> 女 | G14: =全員名冊!G14 -> 053/03/10
A15: 12 | B15: 正職 | C15: =全員名冊!C15 -> 本國籍照顧服務員 | D15: =全員名冊!D15 -> 胡秀茵 | E15: =全員名冊!E15 -> U221198103 | F15: =全員名冊!F15 -> 女 | G15: =全員名冊!G15 -> 057/08/28
A16: 13 | B16: 正職 | C16: =全員名冊!C16 -> 本國籍照顧服務員 | D16: =全員名冊!D16 -> 呂宜珮 | E16: =全員名冊!E16 -> N222862731 | F16: =全員名冊!F16 -> 男 | G16: =全員名冊!G16 -> 065/03/19
... A23: 20 | B23: 正職 | C23: =全員名冊!C23 -> 外籍照顧服務員 | D23: =全員名冊!D23 -> 阮氏瓊 | E23: =全員名冊!E23 -> F900438471 | F23: =全員名冊!F23 -> 女 | G23: =全員名冊!G23 -> 081/10/03
A24: 21 | B24: 正職 | C24: =全員名冊!C24 -> 外籍照顧服務員 | D24: 阮氏雲 | E24: P04260728 | F24: 女 | G24: 079/02/06
A25: 22 | B25: 正職 | C25: =全員名冊!C25 -> 廚工 | D25: =全員名冊!D25 -> 陳美紅 | E25: =全員名冊!E25 -> K201187544 | F25: =全員名冊!F25 -> 女 | G25: =全員名冊!G25 -> 044/06/06
A26: 23 | B26: 正職 | C26: =全員名冊!C26 -> 總務(防火管理人) | D26: =全員名冊!D26 -> 廖運谷 | E26: =全員名冊!E26 -> H120465951 | F26: =全員名冊!F26 -> 男 | G26: =全員名冊!G26 -> 055/08/16
A27: 24 | B27: 兼任 | C27: =全員名冊!C27 -> 復健治療師 | D27: =全員名冊!D27 -> 葉聖慈 | E27: =全員名冊!E27 -> H222486568 | F27: =全員名冊!F27 -> 女 | G27: =全員名冊!G27 -> 070/05/09
A28: 25 | B28: 兼任 | C28: =全員名冊!C28 -> 醫師 | D28: =全員名冊!D28 -> 朱國大 | E28: G120126655 | F28: =全員名冊!F28 -> 男 | G28: 052/07/28
A29: 26 | B29: 兼任 | C29: =全員名冊!C29 -> 藥師 | D29: =全員名冊!D29 -> 林文鴒 | E29: =全員名冊!E29 -> H220174250 | F29: =全員名冊!F29 -> 男 | G29: =全員名冊!G29 -> 067/08/13
A30: 27 | B30: 兼任 | C30: =全員名冊!C30 -> 社工 | D30: =全員名冊!D30 -> 翁嬿婷 | E30: =全員名冊!E30 -> D222656182 | F30: =全員名冊!F30 -> 女 | G30: =全員名冊!G30 -> 083/04/06
